date,location_key,new_confirmed,new_deceased,new_recovered,new_tested,cumulative_confirmed,cumulative_deceased,cumulative_recovered,cumulative_tested
1/1/2020,AD,0,0,,,0,0,,
1/2/2020,AD,0,0,,,0,0,,
1/3/2020,AD,0,0,,,0,0,,
1/4/2020,AD,0,0,,,0,0,,
1/5/2020,AD,0,0,,,0,0,,
1/6/2020,AD,0,0,,,0,0,,
1/7/2020,AD,0,0,,,0,0,,
1/8/2020,AD,0,0,,,0,0,,
1/9/2020,AD,0,0,,,0,0,,
1/10/2020,AD,0,0,,,0,0,,
1/11/2020,AD,0,0,,,0,0,,
1/12/2020,AD,0,0,,,0,0,,
1/13/2020,AD,0,0,,,0,0,,
1/14/2020,AD,0,0,,,0,0,,
1/15/2020,AD,0,0,,,0,0,,
1/16/2020,AD,0,0,,,0,0,,
1/17/2020,AD,0,0,,,0,0,,
1/18/2020,AD,0,0,,,0,0,,
1/19/2020,AD,0,0,,,0,0,,
1/20/2020,AD,0,0,,,0,0,,
1/21/2020,AD,0,0,,,0,0,,
1/22/2020,AD,0,0,,,0,0,,
1/23/2020,AD,0,0,,,0,0,,
1/24/2020,AD,0,0,,,0,0,,
1/25/2020,AD,0,0,,,0,0,,
1/26/2020,AD,0,0,,,0,0,,
1/27/2020,AD,0,0,,,0,0,,
1/28/2020,AD,0,0,,,0,0,,
1/29/2020,AD,0,0,,,0,0,,
1/30/2020,AD,0,0,,,0,0,,
1/31/2020,AD,0,0,,,0,0,,
2/1/2020,AD,0,0,,,0,0,,
2/2/2020,AD,0,0,,,0,0,,
2/3/2020,AD,0,0,,,0,0,,
2/4/2020,AD,0,0,,,0,0,,
2/5/2020,AD,0,0,,,0,0,,
2/6/2020,AD,0,0,,,0,0,,
2/7/2020,AD,0,0,,,0,0,,
2/8/2020,AD,0,0,,,0,0,,
2/9/2020,AD,0,0,,,0,0,,
2/10/2020,AD,0,0,,,0,0,,
2/11/2020,AD,0,0,,,0,0,,
2/12/2020,AD,0,0,,,0,0,,
2/13/2020,AD,0,0,,,0,0,,
2/14/2020,AD,0,0,,,0,0,,
2/15/2020,AD,0,0,,,0,0,,
2/16/2020,AD,0,0,,,0,0,,
2/17/2020,AD,0,0,,,0,0,,
2/18/2020,AD,0,0,,,0,0,,
2/19/2020,AD,0,0,,,0,0,,
2/20/2020,AD,0,0,,,0,0,,
2/21/2020,AD,0,0,,,0,0,,
2/22/2020,AD,0,0,,,0,0,,
2/23/2020,AD,0,0,,,0,0,,
2/24/2020,AD,0,0,,,0,0,,
2/25/2020,AD,0,0,,,0,0,,
2/26/2020,AD,0,0,,,0,0,,
2/27/2020,AD,0,0,,,0,0,,
2/28/2020,AD,0,0,,,0,0,,
2/29/2020,AD,0,0,,,0,0,,
3/1/2020,AD,1,0,,,1,0,,
3/2/2020,AD,0,0,,,1,0,,
3/3/2020,AD,0,0,,,1,0,,
3/4/2020,AD,0,0,,,1,0,,
3/5/2020,AD,0,0,,,1,0,,
3/6/2020,AD,0,0,,,1,0,,
3/7/2020,AD,0,0,,,1,0,,
3/8/2020,AD,0,0,,,1,0,,
3/9/2020,AD,0,0,,,1,0,,
3/10/2020,AD,0,0,,,1,0,,
3/11/2020,AD,0,0,,,1,0,,
3/12/2020,AD,1,0,,,2,0,,
3/13/2020,AD,0,0,,,2,0,,
3/14/2020,AD,0,0,,,2,0,,
3/15/2020,AD,12,0,,,14,0,,
3/16/2020,AD,25,0,,,39,0,,
3/17/2020,AD,0,0,,,39,0,,
3/18/2020,AD,36,0,,,75,0,,
3/19/2020,AD,19,0,,,94,0,,
3/20/2020,AD,39,1,,,133,1,,
3/21/2020,AD,1,0,,,134,1,,
3/22/2020,AD,31,0,,,165,1,,
3/23/2020,AD,48,2,,,213,3,,
3/24/2020,AD,18,0,,,231,3,,
3/25/2020,AD,58,0,,,289,3,,
3/26/2020,AD,32,1,,,321,4,,
3/27/2020,AD,20,2,,,341,6,,
3/28/2020,AD,29,2,,,370,8,,
3/29/2020,AD,6,4,,,376,12,,
3/30/2020,AD,20,1,,,396,13,,
3/31/2020,AD,0,0,,,396,13,,
4/1/2020,AD,33,2,,,429,15,,
4/2/2020,AD,13,1,,,442,16,,
4/3/2020,AD,24,1,,,466,17,,
4/4/2020,AD,57,0,,,523,17,,
4/5/2020,AD,17,4,,,540,21,,
4/6/2020,AD,11,1,,,551,22,,
4/7/2020,AD,15,2,,,566,24,,
4/8/2020,AD,23,2,,,589,26,,
4/9/2020,AD,13,0,,,602,26,,
4/10/2020,AD,20,2,,,622,28,,
4/11/2020,AD,17,1,,,639,29,,
4/12/2020,AD,12,0,,,651,29,,
4/13/2020,AD,8,2,,,659,31,,
4/14/2020,AD,14,2,,,673,33,,
4/15/2020,AD,21,1,,,694,34,,
4/16/2020,AD,9,1,,,703,35,,
4/17/2020,AD,1,0,,,704,35,,
4/18/2020,AD,13,1,,,717,36,,
4/19/2020,AD,1,0,,,718,36,,
4/20/2020,AD,5,1,,,723,37,,
4/21/2020,AD,1,0,,,724,37,,
4/22/2020,AD,2,1,,,726,38,,
4/23/2020,AD,7,2,,,733,40,,
4/24/2020,AD,5,0,,,738,40,,
4/25/2020,AD,2,0,,,740,40,,
4/26/2020,AD,1,1,,,741,41,,
4/27/2020,AD,1,1,,,742,42,,
4/28/2020,AD,2,0,,,744,42,,
4/29/2020,AD,2,0,,,746,42,,
4/30/2020,AD,0,1,,,746,43,,
5/1/2020,AD,1,1,,,747,44,,
5/2/2020,AD,2,1,,,749,45,,
5/3/2020,AD,2,0,,,751,45,,
5/4/2020,AD,0,1,,,751,46,,
5/5/2020,AD,1,1,,,752,47,,
5/6/2020,AD,0,0,,,752,47,,
5/7/2020,AD,2,0,,,754,47,,
5/8/2020,AD,0,1,,,754,48,,
5/9/2020,AD,2,0,,,756,48,,
5/10/2020,AD,0,0,,,756,48,,
5/11/2020,AD,3,0,,,759,48,,
5/12/2020,AD,2,1,,,761,49,,
5/13/2020,AD,0,0,,,761,49,,
5/14/2020,AD,0,0,,,761,49,,
5/15/2020,AD,0,2,,,761,51,,
5/16/2020,AD,0,0,,,761,51,,
5/17/2020,AD,0,0,,,761,51,,
5/18/2020,AD,0,0,,,761,51,,
5/19/2020,AD,1,0,,,762,51,,
5/20/2020,AD,0,0,,,762,51,,
5/21/2020,AD,0,0,,,762,51,,
5/22/2020,AD,1,0,,,763,51,,
5/23/2020,AD,0,0,,,763,51,,
5/24/2020,AD,0,0,,,763,51,,
5/25/2020,AD,0,0,,,763,51,,
5/26/2020,AD,0,0,,,763,51,,
5/27/2020,AD,1,0,,,764,51,,
5/28/2020,AD,0,0,,,764,51,,
5/29/2020,AD,0,0,,,764,51,,
5/30/2020,AD,0,0,,,764,51,,
5/31/2020,AD,1,0,,,765,51,,
6/1/2020,AD,79,0,,,844,51,,
6/2/2020,AD,7,0,,,851,51,,
6/3/2020,AD,1,0,,,852,51,,
6/4/2020,AD,0,0,,,852,51,,
6/5/2020,AD,0,0,,,852,51,,
6/6/2020,AD,0,0,,,852,51,,
6/7/2020,AD,0,0,,,852,51,,
6/8/2020,AD,0,0,,,852,51,,
6/9/2020,AD,0,0,,,852,51,,
6/10/2020,AD,0,0,,,852,51,,
6/11/2020,AD,1,0,,,853,51,,
6/12/2020,AD,0,0,,,853,51,,
6/13/2020,AD,0,0,,,853,51,,
6/14/2020,AD,0,0,,,853,51,,
6/15/2020,AD,1,1,,,854,52,,
6/16/2020,AD,0,0,,,854,52,,
6/17/2020,AD,1,0,,,855,52,,
6/18/2020,AD,0,0,,,855,52,,
6/19/2020,AD,0,0,,,855,52,,
6/20/2020,AD,0,0,,,855,52,,
6/21/2020,AD,0,0,,,855,52,,
6/22/2020,AD,0,0,,,855,52,,
6/23/2020,AD,0,0,,,855,52,,
6/24/2020,AD,0,0,,,855,52,,
6/25/2020,AD,0,0,,,855,52,,
6/26/2020,AD,0,0,,,855,52,,
6/27/2020,AD,0,0,,,855,52,,
6/28/2020,AD,0,0,,,855,52,,
6/29/2020,AD,0,0,,,855,52,,
6/30/2020,AD,0,0,,,855,52,,
7/1/2020,AD,0,0,,,855,52,,
7/2/2020,AD,0,0,,,855,52,,
7/3/2020,AD,0,0,,,855,52,,
7/4/2020,AD,0,0,,,855,52,,
7/5/2020,AD,0,0,,,855,52,,
7/6/2020,AD,0,0,,,855,52,,
7/7/2020,AD,0,0,,,855,52,,
7/8/2020,AD,0,0,,,855,52,,
7/9/2020,AD,0,0,,,855,52,,
7/10/2020,AD,0,0,,,855,52,,
7/11/2020,AD,0,0,,,855,52,,
7/12/2020,AD,3,0,,,858,52,,
7/13/2020,AD,3,0,,,861,52,,
7/14/2020,AD,1,0,,,862,52,,
7/15/2020,AD,15,0,,,877,52,,
7/16/2020,AD,3,0,,,880,52,,
7/17/2020,AD,0,0,,,880,52,,
7/18/2020,AD,0,0,,,880,52,,
7/19/2020,AD,4,0,,,884,52,,
7/20/2020,AD,0,0,,,884,52,,
7/21/2020,AD,5,0,,,889,52,,
7/22/2020,AD,0,0,,,889,52,,
7/23/2020,AD,8,0,,,897,52,,
7/24/2020,AD,0,0,,,897,52,,
7/25/2020,AD,7,0,,,904,52,,
7/26/2020,AD,3,0,,,907,52,,
7/27/2020,AD,4,0,,,911,52,,
7/28/2020,AD,7,0,,,918,52,,
7/29/2020,AD,4,0,,,922,52,,
7/30/2020,AD,3,0,,,925,52,,
7/31/2020,AD,5,0,,,930,52,,
8/1/2020,AD,6,0,,,936,52,,
8/2/2020,AD,1,0,,,937,52,,
8/3/2020,AD,2,0,,,939,52,,
8/4/2020,AD,0,0,,,939,52,,
8/5/2020,AD,6,0,,,945,52,,
8/6/2020,AD,11,0,,,956,52,,
8/7/2020,AD,0,0,,,956,52,,
8/8/2020,AD,0,0,,,956,52,,
8/9/2020,AD,7,0,,,963,52,,
8/10/2020,AD,10,0,,,973,52,,
8/11/2020,AD,4,1,,,977,53,,
8/12/2020,AD,4,0,,,981,53,,
8/13/2020,AD,8,0,,,989,53,,
8/14/2020,AD,8,0,,,997,53,,
8/15/2020,AD,0,0,,,997,53,,
8/16/2020,AD,8,0,,,1005,53,,
8/17/2020,AD,7,0,,,1012,53,,
8/18/2020,AD,12,0,,,1024,53,,
8/19/2020,AD,12,0,,,1036,53,,
8/20/2020,AD,11,0,,,1047,53,,
8/21/2020,AD,0,0,,,1047,53,,
8/22/2020,AD,0,0,,,1047,53,,
8/23/2020,AD,13,0,,,1060,53,,
8/24/2020,AD,0,0,,,1060,53,,
8/25/2020,AD,38,0,,,1098,53,,
8/26/2020,AD,13,0,,,1111,53,,
8/27/2020,AD,13,0,,,1124,53,,
8/28/2020,AD,0,0,,,1124,53,,
8/29/2020,AD,0,0,,,1124,53,,
8/30/2020,AD,52,0,,,1176,53,,
8/31/2020,AD,8,0,,,1184,53,,
9/1/2020,AD,15,0,,,1199,53,,
9/2/2020,AD,9,0,,,1208,53,,
9/3/2020,AD,7,0,,,1215,53,,
9/4/2020,AD,0,0,,,1215,53,,
9/5/2020,AD,0,0,,,1215,53,,
9/6/2020,AD,46,0,,,1261,53,,
9/7/2020,AD,0,0,,,1261,53,,
9/8/2020,AD,40,0,,,1301,53,,
9/9/2020,AD,0,0,,,1301,53,,
9/10/2020,AD,43,0,,,1344,53,,
9/11/2020,AD,0,0,,,1344,53,,
9/12/2020,AD,0,0,,,1344,53,,
9/13/2020,AD,94,0,,,1438,53,,45862
9/14/2020,AD,0,0,,,1438,53,,
9/15/2020,AD,45,0,,,1483,53,,
9/16/2020,AD,0,0,,,1483,53,,
9/17/2020,AD,81,0,,,1564,53,,
9/18/2020,AD,0,0,,,1564,53,,
9/19/2020,AD,0,0,,,1564,53,,
9/20/2020,AD,117,0,,,1681,53,,49002
9/21/2020,AD,0,0,,,1681,53,,
9/22/2020,AD,72,0,,,1753,53,,
9/23/2020,AD,0,0,,,1753,53,,
9/24/2020,AD,83,0,,,1836,53,,
9/25/2020,AD,0,0,,,1836,53,,
9/26/2020,AD,0,0,,,1836,53,,
9/27/2020,AD,130,0,,,1966,53,,53459
9/28/2020,AD,0,0,,,1966,53,,
9/29/2020,AD,84,0,,,2050,53,,
9/30/2020,AD,0,0,,,2050,53,,
10/1/2020,AD,60,0,,,2110,53,,
10/2/2020,AD,0,0,,,2110,53,,
10/3/2020,AD,0,0,,,2110,53,,
10/4/2020,AD,260,0,,,2370,53,,58303
10/5/2020,AD,0,0,,,2370,53,,
10/6/2020,AD,198,0,,,2568,53,,
10/7/2020,AD,0,1,,,2568,54,,
10/8/2020,AD,128,1,,,2696,55,,
10/9/2020,AD,0,0,,,2696,55,,
10/10/2020,AD,0,0,,,2696,55,,
10/11/2020,AD,299,2,,,2995,57,,64461
10/12/2020,AD,0,0,,,2995,57,,
10/13/2020,AD,195,2,,,3190,59,,
10/14/2020,AD,0,0,,,3190,59,,
10/15/2020,AD,187,0,,,3377,59,,
10/16/2020,AD,0,0,,,3377,59,,
10/17/2020,AD,0,0,,,3377,59,,
10/18/2020,AD,246,3,,,3623,62,,69456
10/19/2020,AD,0,0,,,3623,62,,
10/20/2020,AD,188,1,,,3811,63,,
10/21/2020,AD,0,0,,,3811,63,,
10/22/2020,AD,227,6,,,4038,69,,
10/23/2020,AD,0,0,,,4038,69,,
10/24/2020,AD,0,0,,,4038,69,,
10/25/2020,AD,287,3,,,4325,72,,79945
10/26/2020,AD,85,0,,,4410,72,,
10/27/2020,AD,107,0,,,4517,72,,
10/28/2020,AD,50,1,,,4567,73,,
10/29/2020,AD,98,2,,,4665,75,,
10/30/2020,AD,91,0,,,4756,75,,
10/31/2020,AD,69,0,,,4825,75,,
11/1/2020,AD,63,0,,,4888,75,,85772
11/2/2020,AD,22,0,,,4910,75,,
11/3/2020,AD,135,0,,,5045,75,,
11/4/2020,AD,90,0,,,5135,75,,
11/5/2020,AD,0,0,,,5135,75,,
11/6/2020,AD,184,0,,,5319,75,,
11/7/2020,AD,64,0,,,5383,75,,
11/8/2020,AD,54,0,,,5437,75,,92242
11/9/2020,AD,40,0,,,5477,75,,
11/10/2020,AD,90,0,,,5567,75,,
11/11/2020,AD,49,0,,,5616,75,,
11/12/2020,AD,109,0,,,5725,75,,
11/13/2020,AD,0,0,,,5725,75,,
11/14/2020,AD,147,1,,,5872,76,,
11/15/2020,AD,42,0,,,5914,76,,97543
11/16/2020,AD,37,0,,,5951,76,,
11/17/2020,AD,67,0,,,6018,76,,
11/18/2020,AD,48,0,,,6066,76,,
11/19/2020,AD,76,0,,,6142,76,,
11/20/2020,AD,65,0,,,6207,76,,
11/21/2020,AD,49,0,,,6256,76,,
11/22/2020,AD,48,0,,,6304,76,,103171
11/23/2020,AD,47,0,,,6351,76,,
11/24/2020,AD,77,0,,,6428,76,,
11/25/2020,AD,106,0,,,6534,76,,
11/26/2020,AD,76,0,,,6610,76,,
11/27/2020,AD,0,0,,,6610,76,,
11/28/2020,AD,102,0,,,6712,76,,
11/29/2020,AD,33,0,,,6745,76,,108660
11/30/2020,AD,45,0,,,6790,76,,
12/1/2020,AD,52,0,,,6842,76,,
12/2/2020,AD,62,1,,,6904,77,,
12/3/2020,AD,51,0,,,6955,77,,
12/4/2020,AD,50,1,,,7005,78,,
12/5/2020,AD,45,0,,,7050,78,,
12/6/2020,AD,34,0,,,7084,78,,112802
12/7/2020,AD,43,0,,,7127,78,,
12/8/2020,AD,35,0,,,7162,78,,
12/9/2020,AD,28,0,,,7190,78,,
12/10/2020,AD,46,0,,,7236,78,,
12/11/2020,AD,52,0,,,7288,78,,
12/12/2020,AD,50,1,,,7338,79,,
12/13/2020,AD,44,0,,,7382,79,,116224
12/14/2020,AD,32,0,,,7414,79,,
12/15/2020,AD,32,0,,,7446,79,,
12/16/2020,AD,20,0,,,7466,79,,
12/17/2020,AD,53,1,,,7519,80,,
12/18/2020,AD,41,0,,,7560,80,,
12/19/2020,AD,17,1,,,7577,81,,
12/20/2020,AD,25,0,,,7602,81,,120238
12/21/2020,AD,31,1,,,7633,82,,
12/22/2020,AD,36,0,,,7669,82,,
12/23/2020,AD,30,1,,,7699,83,,
12/24/2020,AD,57,0,,,7756,83,,
12/25/2020,AD,50,0,,,7806,83,,
12/26/2020,AD,15,0,,,7821,83,,
12/27/2020,AD,54,0,,,7875,83,,124804
12/28/2020,AD,44,1,,,7919,84,,
12/29/2020,AD,64,0,,,7983,84,,
12/30/2020,AD,66,0,,,8049,84,,
12/31/2020,AD,68,0,,,8117,84,,
1/1/2021,AD,49,0,,,8166,84,,
1/2/2021,AD,26,0,,,8192,84,,
1/3/2021,AD,57,0,,,8249,84,,127615
1/4/2021,AD,59,0,,,8308,84,,
1/5/2021,AD,40,0,,,8348,84,,
1/6/2021,AD,0,0,,,8348,84,,
1/7/2021,AD,141,0,,,8489,84,,
1/8/2021,AD,97,1,,,8586,85,,
1/9/2021,AD,0,0,,,8586,85,,
1/10/2021,AD,96,1,,,8682,86,,130664
1/11/2021,AD,63,1,,,8745,87,,
1/12/2021,AD,73,0,,,8818,87,,
1/13/2021,AD,50,1,,,8868,88,,
1/14/2021,AD,78,0,,,8946,88,,
1/15/2021,AD,92,3,,,9038,91,,
1/16/2021,AD,0,0,,,9038,91,,
1/17/2021,AD,45,0,,,9083,91,,134259
1/18/2021,AD,111,1,,,9194,92,,
1/19/2021,AD,114,0,,,9308,92,,
1/20/2021,AD,71,1,,,9379,93,,
1/21/2021,AD,37,0,,,9416,93,,
1/22/2021,AD,83,3,,,9499,96,,
1/23/2021,AD,50,0,,,9549,96,,
1/24/2021,AD,47,1,,,9596,97,,140711
1/25/2021,AD,42,0,,,9638,97,,
1/26/2021,AD,78,1,,,9716,98,,
1/27/2021,AD,63,2,,,9779,100,,
1/28/2021,AD,58,0,,,9837,100,,
1/29/2021,AD,48,1,,,9885,101,,
1/30/2021,AD,52,0,,,9937,101,,
1/31/2021,AD,35,0,,,9972,101,,144987
2/1/2021,AD,45,1,,,10017,102,,
2/2/2021,AD,53,1,,,10070,103,,
2/3/2021,AD,67,0,,,10137,103,,
2/4/2021,AD,35,1,,,10172,104,,
2/5/2021,AD,34,1,,,10206,105,,
2/6/2021,AD,45,1,,,10251,106,,
2/7/2021,AD,24,0,,,10275,106,,148604
2/8/2021,AD,37,0,,,10312,106,,
2/9/2021,AD,40,0,,,10352,106,,
2/10/2021,AD,39,0,,,10391,106,,
2/11/2021,AD,36,0,,,10427,106,,
2/12/2021,AD,36,1,,,10463,107,,
2/13/2021,AD,40,0,,,10503,107,,
2/14/2021,AD,35,0,,,10538,107,,152578
2/15/2021,AD,17,0,,,10555,107,,
2/16/2021,AD,28,0,,,10583,107,,
2/17/2021,AD,27,0,,,10610,107,,
2/18/2021,AD,35,0,,,10645,107,,
2/19/2021,AD,27,0,,,10672,107,,
2/20/2021,AD,27,0,,,10699,107,,
2/21/2021,AD,13,2,,,10712,109,,154962
2/22/2021,AD,27,1,,,10739,110,,
2/23/2021,AD,36,0,,,10775,110,,
2/24/2021,AD,24,0,,,10799,110,,
2/25/2021,AD,23,0,,,10822,110,,
2/26/2021,AD,27,0,,,10849,110,,
2/27/2021,AD,17,0,,,10866,110,,
2/28/2021,AD,23,0,,,10889,110,,157356
3/1/2021,AD,19,0,,,10908,110,,
3/2/2021,AD,40,2,,,10948,112,,
3/3/2021,AD,28,0,,,10976,112,,
3/4/2021,AD,22,0,,,10998,112,,
3/5/2021,AD,21,0,,,11019,112,,
3/6/2021,AD,23,0,,,11042,112,,
3/7/2021,AD,27,0,,,11069,112,,159725
3/8/2021,AD,20,0,,,11089,112,,
3/9/2021,AD,41,0,,,11130,112,,
3/10/2021,AD,69,0,,,11199,112,,
3/11/2021,AD,29,0,,,11228,112,,
3/12/2021,AD,0,0,,,11228,112,,
3/13/2021,AD,38,1,,,11266,113,,
3/14/2021,AD,23,0,,,11289,113,,162071
3/15/2021,AD,30,0,,,11319,113,,
3/16/2021,AD,41,0,,,11360,113,,
3/17/2021,AD,33,0,,,11393,113,,
3/18/2021,AD,38,0,,,11431,113,,
3/19/2021,AD,50,0,,,11481,113,,
3/20/2021,AD,36,0,,,11517,113,,
3/21/2021,AD,28,0,,,11545,113,,164665
3/22/2021,AD,46,0,,,11591,113,,
3/23/2021,AD,47,1,,,11638,114,,
3/24/2021,AD,49,0,,,11687,114,,
3/25/2021,AD,45,0,,,11732,114,,
3/26/2021,AD,77,1,,,11809,115,,
3/27/2021,AD,41,0,,,11850,115,,
3/28/2021,AD,38,0,,,11888,115,,168244
3/29/2021,AD,56,0,,,11944,115,,
3/30/2021,AD,66,0,,,12010,115,,
3/31/2021,AD,43,0,,,12053,115,,
4/1/2021,AD,62,1,,,12115,116,,
4/2/2021,AD,59,1,,,12174,117,,
4/3/2021,AD,57,0,,,12231,117,,
4/4/2021,AD,55,0,,,12286,117,,171485
4/5/2021,AD,42,0,,,12328,117,,
4/6/2021,AD,35,2,,,12363,119,,
4/7/2021,AD,46,1,,,12409,120,,
4/8/2021,AD,47,0,,,12456,120,,
4/9/2021,AD,41,0,,,12497,120,,
4/10/2021,AD,48,0,,,12545,120,,
4/11/2021,AD,36,1,,,12581,121,,173789
4/12/2021,AD,33,0,,,12614,121,,
4/13/2021,AD,27,0,,,12641,121,,
4/14/2021,AD,0,0,,,12641,121,,
4/15/2021,AD,71,2,,,12712,123,,
4/16/2021,AD,59,0,,,12771,123,,
4/17/2021,AD,34,0,,,12805,123,,
4/18/2021,AD,0,0,,,12805,123,,177079
4/19/2021,AD,69,0,,,12874,123,,
4/20/2021,AD,43,0,,,12917,123,,
4/21/2021,AD,25,0,,,12942,123,,
4/22/2021,AD,65,1,,,13007,124,,
4/23/2021,AD,17,0,,,13024,124,,
4/24/2021,AD,36,0,,,13060,124,,
4/25/2021,AD,23,0,,,13083,124,,180633
4/26/2021,AD,38,0,,,13121,124,,
4/27/2021,AD,27,1,,,13148,125,,
4/28/2021,AD,50,0,,,13198,125,,
4/29/2021,AD,34,0,,,13232,125,,
4/30/2021,AD,0,0,,,13232,125,,
5/1/2021,AD,50,2,,,13282,127,,
5/2/2021,AD,13,0,,,13295,127,,183476
5/3/2021,AD,21,0,,,13316,127,,
5/4/2021,AD,24,0,,,13340,127,,
5/5/2021,AD,23,0,,,13363,127,,
5/6/2021,AD,27,0,,,13390,127,,
5/7/2021,AD,16,0,,,13406,127,,
5/8/2021,AD,17,0,,,13423,127,,
5/9/2021,AD,6,0,,,13429,127,,186191
5/10/2021,AD,18,0,,,13447,127,,
5/11/2021,AD,23,0,,,13470,127,,
5/12/2021,AD,0,0,,,13470,127,,
5/13/2021,AD,40,0,,,13510,127,,
5/14/2021,AD,0,0,,,13510,127,,
5/15/2021,AD,0,0,,,13510,127,,
5/16/2021,AD,45,0,,,13555,127,,188280
5/17/2021,AD,14,0,,,13569,127,,
5/18/2021,AD,0,0,,,13569,127,,
5/19/2021,AD,40,0,,,13609,127,,
5/20/2021,AD,0,0,,,13609,127,,
5/21/2021,AD,0,0,,,13609,127,,
5/22/2021,AD,0,0,,,13609,127,,
5/23/2021,AD,55,0,,,13664,127,,190469
5/24/2021,AD,0,0,,,13664,127,,
5/25/2021,AD,7,0,,,13671,127,,
5/26/2021,AD,11,0,,,13682,127,,
5/27/2021,AD,11,0,,,13693,127,,
5/28/2021,AD,0,0,,,13693,127,,
5/29/2021,AD,0,0,,,13693,127,,
5/30/2021,AD,34,0,,,13727,127,,191856
5/31/2021,AD,2,0,,,13729,127,,
6/1/2021,AD,15,0,,,13744,127,,
6/2/2021,AD,8,0,,,13752,127,,
6/3/2021,AD,6,0,,,13758,127,,
6/4/2021,AD,0,0,,,13758,127,,
6/5/2021,AD,19,0,,,13777,127,,
6/6/2021,AD,4,0,,,13781,127,,193594
6/7/2021,AD,0,0,,,13781,127,,
6/8/2021,AD,10,0,,,13791,127,,
6/9/2021,AD,14,0,,,13805,127,,
6/10/2021,AD,8,0,,,13813,127,,
6/11/2021,AD,0,0,,,13813,127,,
6/12/2021,AD,0,0,,,13813,127,,194606
6/13/2021,AD,13,0,,,13826,127,,
6/14/2021,AD,2,0,,,13828,127,,
6/15/2021,AD,8,0,,,13836,127,,
6/16/2021,AD,3,0,,,13839,127,,
6/17/2021,AD,3,0,,,13842,127,,
6/18/2021,AD,0,0,,,13842,127,,
6/19/2021,AD,0,0,,,13842,127,,
6/20/2021,AD,22,0,,,13864,127,,195713
6/21/2021,AD,0,0,,,13864,127,,
6/22/2021,AD,9,0,,,13873,127,,
6/23/2021,AD,4,0,,,13877,127,,
6/24/2021,AD,5,0,,,13882,127,,
6/25/2021,AD,0,0,,,13882,127,,
6/26/2021,AD,0,0,,,13882,127,,
6/27/2021,AD,0,0,,,13882,127,,196782
6/28/2021,AD,18,0,,,13900,127,,
6/29/2021,AD,11,0,,,13911,127,,
6/30/2021,AD,7,0,,,13918,127,,
7/1/2021,AD,0,0,,,13918,127,,
7/2/2021,AD,0,0,,,13918,127,,
7/3/2021,AD,0,0,,,13918,127,,
7/4/2021,AD,73,0,,,13991,127,,198055
7/5/2021,AD,0,0,,,13991,127,,
7/6/2021,AD,30,0,,,14021,127,,
7/7/2021,AD,29,0,,,14050,127,,
7/8/2021,AD,25,0,,,14075,127,,
7/9/2021,AD,0,0,,,14075,127,,
7/10/2021,AD,0,0,,,14075,127,,199577
7/11/2021,AD,80,0,,,14155,127,,
7/12/2021,AD,12,0,,,14167,127,,
7/13/2021,AD,0,0,,,14167,127,,
7/14/2021,AD,72,0,,,14239,127,,
7/15/2021,AD,34,0,,,14273,127,,
7/16/2021,AD,0,0,,,14273,127,,
7/17/2021,AD,0,0,,,14273,127,,
7/18/2021,AD,86,0,,,14359,127,,201122
7/19/2021,AD,20,0,,,14379,127,,
7/20/2021,AD,0,0,,,14379,127,,
7/21/2021,AD,85,0,,,14464,127,,
7/22/2021,AD,34,0,,,14498,127,,
7/23/2021,AD,0,0,,,14498,127,,
7/24/2021,AD,0,0,,,14498,127,,
7/25/2021,AD,79,0,,,14577,127,,
7/26/2021,AD,9,0,,,14586,127,,202809
7/27/2021,AD,44,0,,,14630,127,,
7/28/2021,AD,25,0,,,14655,127,,
7/29/2021,AD,23,1,,,14678,128,,
7/30/2021,AD,0,0,,,14678,128,,
7/31/2021,AD,0,0,,,14678,128,,
8/1/2021,AD,69,0,,,14747,128,,204740
8/2/2021,AD,19,0,,,14766,128,,
8/3/2021,AD,31,0,,,14797,128,,
8/4/2021,AD,12,0,,,14809,128,,
8/5/2021,AD,27,0,,,14836,128,,
8/6/2021,AD,0,0,,,14836,128,,
8/7/2021,AD,0,0,,,14836,128,,
8/8/2021,AD,0,0,,,14836,128,,206208
8/9/2021,AD,37,1,,,14873,129,,
8/10/2021,AD,18,0,,,14891,129,,
8/11/2021,AD,17,0,,,14908,129,,
8/12/2021,AD,16,0,,,14924,129,,
8/13/2021,AD,0,0,,,14924,129,,
8/14/2021,AD,0,0,,,14924,129,,
8/15/2021,AD,30,0,,,14954,129,,207446
8/16/2021,AD,6,0,,,14960,129,,
8/17/2021,AD,16,0,,,14976,129,,
8/18/2021,AD,5,0,,,14981,129,,
8/19/2021,AD,7,0,,,14988,129,,
8/20/2021,AD,0,0,,,14988,129,,
8/21/2021,AD,0,0,,,14988,129,,
8/22/2021,AD,14,1,,,15002,130,,208619
8/23/2021,AD,1,0,,,15003,130,,
8/24/2021,AD,11,0,,,15014,130,,
8/25/2021,AD,2,0,,,15016,130,,
8/26/2021,AD,9,0,,,15025,130,,
8/27/2021,AD,0,0,,,15025,130,,
8/28/2021,AD,0,0,,,15025,130,,209623
8/29/2021,AD,7,0,,,15032,130,,
8/30/2021,AD,1,0,,,15033,130,,
8/31/2021,AD,13,0,,,15046,130,,
9/1/2021,AD,6,0,,,15052,130,,
9/2/2021,AD,3,0,,,15055,130,,
9/3/2021,AD,0,0,,,15055,130,,
9/4/2021,AD,0,0,,,15055,130,,
9/5/2021,AD,14,0,,,15069,130,,210856
9/6/2021,AD,1,0,,,15070,130,,
9/7/2021,AD,0,0,,,15070,130,,
9/8/2021,AD,8,0,,,15078,130,,
9/9/2021,AD,5,0,,,15083,130,,
9/10/2021,AD,0,0,,,15083,130,,
9/11/2021,AD,0,0,,,15083,130,,
9/12/2021,AD,13,0,,,15096,130,,211883
9/13/2021,AD,3,0,,,15099,130,,
9/14/2021,AD,9,0,,,15108,130,,
9/15/2021,AD,5,0,,,15113,130,,
9/16/2021,AD,11,0,,,15124,130,,
9/17/2021,AD,0,0,,,15124,130,,
9/18/2021,AD,0,0,,,15124,130,,
9/19/2021,AD,16,0,,,15140,130,,212987
9/20/2021,AD,0,0,,,15140,130,,
9/21/2021,AD,13,0,,,15153,130,,
9/22/2021,AD,3,0,,,15156,130,,
9/23/2021,AD,11,0,,,15167,130,,
9/24/2021,AD,0,0,,,15167,130,,
9/25/2021,AD,0,0,,,15167,130,,214094
9/26/2021,AD,22,0,,,15189,130,,
9/27/2021,AD,3,0,,,15192,130,,
9/28/2021,AD,17,0,,,15209,130,,
9/29/2021,AD,13,0,,,15222,130,,
9/30/2021,AD,0,0,,,15222,130,,
10/1/2021,AD,0,0,,,15222,130,,
10/2/2021,AD,0,0,,,15222,130,,
10/3/2021,AD,45,0,,,15267,130,,215733
10/4/2021,AD,4,0,,,15271,130,,
10/5/2021,AD,13,0,,,15284,130,,
10/6/2021,AD,4,0,,,15288,130,,
10/7/2021,AD,3,0,,,15291,130,,
10/8/2021,AD,0,0,,,15291,130,,
10/9/2021,AD,0,0,,,15291,130,,
10/10/2021,AD,16,0,,,15307,130,,217286
10/11/2021,AD,0,0,,,15307,130,,
10/12/2021,AD,7,0,,,15314,130,,
10/13/2021,AD,12,0,,,15326,130,,
10/14/2021,AD,12,0,,,15338,130,,
10/15/2021,AD,0,0,,,15338,130,,
10/16/2021,AD,0,0,,,15338,130,,
10/17/2021,AD,29,0,,,15367,130,,218626
10/18/2021,AD,2,0,,,15369,130,,
10/19/2021,AD,13,0,,,15382,130,,
10/20/2021,AD,0,0,,,15382,130,,
10/21/2021,AD,22,0,,,15404,130,,
10/22/2021,AD,0,0,,,15404,130,,
10/23/2021,AD,0,0,,,15404,130,,
10/24/2021,AD,21,0,,,15425,130,,220478
10/25/2021,AD,0,0,,,15425,130,,
10/26/2021,AD,37,0,,,15462,130,,
10/27/2021,AD,43,0,,,15505,130,,
10/28/2021,AD,11,0,,,15516,130,,
10/29/2021,AD,0,0,,,15516,130,,
10/30/2021,AD,0,0,,,15516,130,,
10/31/2021,AD,0,0,,,15516,130,,
11/1/2021,AD,0,0,,,15516,130,,222097
11/2/2021,AD,61,0,,,15577,130,,
11/3/2021,AD,41,0,,,15618,130,,
11/4/2021,AD,0,0,,,15618,130,,
11/5/2021,AD,0,0,,,15618,130,,
11/6/2021,AD,0,0,,,15618,130,,
11/7/2021,AD,87,0,,,15705,130,,223865
11/8/2021,AD,12,0,,,15717,130,,
11/9/2021,AD,27,0,,,15744,130,,
11/10/2021,AD,75,0,,,15819,130,,
11/11/2021,AD,0,0,,,15819,130,,
11/12/2021,AD,0,0,,,15819,130,,
11/13/2021,AD,0,0,,,15819,130,,
11/14/2021,AD,88,0,,,15907,130,,225568
11/15/2021,AD,22,0,,,15929,130,,
11/16/2021,AD,43,0,,,15972,130,,
11/17/2021,AD,63,0,,,16035,130,,
11/18/2021,AD,51,0,,,16086,130,,
11/19/2021,AD,0,0,,,16086,130,,
11/20/2021,AD,0,0,,,16086,130,,
11/21/2021,AD,213,0,,,16299,130,,228231
11/22/2021,AD,43,0,,,16342,130,,
11/23/2021,AD,84,1,,,16426,131,,
11/24/2021,AD,140,0,,,16566,131,,
11/25/2021,AD,146,0,,,16712,131,,
11/26/2021,AD,0,0,,,16712,131,,
11/27/2021,AD,0,0,,,16712,131,,
11/28/2021,AD,403,0,,,17115,131,,232591
11/29/2021,AD,70,0,,,17185,131,,
11/30/2021,AD,241,0,,,17426,131,,
12/1/2021,AD,232,1,,,17658,132,,
12/2/2021,AD,352,0,,,18010,132,,
12/3/2021,AD,0,0,,,18010,132,,
12/4/2021,AD,0,0,,,18010,132,,
12/5/2021,AD,621,1,,,18631,133,,239363
12/6/2021,AD,184,0,,,18815,133,,
12/7/2021,AD,0,0,,,18815,133,,
12/8/2021,AD,457,0,,,19272,133,,
12/9/2021,AD,168,0,,,19440,133,,
12/10/2021,AD,0,0,,,19440,133,,
12/11/2021,AD,0,0,,,19440,133,,
12/12/2021,AD,527,1,,,19967,134,,247655
12/13/2021,AD,169,0,,,20136,134,,
12/14/2021,AD,0,0,,,20136,134,,
12/15/2021,AD,413,0,,,20549,134,,
12/16/2021,AD,0,0,,,20549,134,,
12/17/2021,AD,0,0,,,20549,134,,
12/18/2021,AD,0,0,,,20549,134,,
12/19/2021,AD,513,3,,,21062,137,,259560
12/20/2021,AD,0,0,,,21062,137,,
12/21/2021,AD,310,1,,,21372,138,,
12/22/2021,AD,199,1,,,21571,139,,
12/23/2021,AD,159,0,,,21730,139,,
12/24/2021,AD,0,0,,,21730,139,,
12/25/2021,AD,0,0,,,21730,139,,
12/26/2021,AD,602,0,,,22332,139,,266810
12/27/2021,AD,208,1,,,22540,140,,
12/28/2021,AD,283,0,,,22823,140,,
12/29/2021,AD,299,0,,,23122,140,,
12/30/2021,AD,618,0,,,23740,140,,
12/31/2021,AD,0,0,,,23740,140,,
1/1/2022,AD,0,0,,,23740,140,,
1/2/2022,AD,762,0,,,24502,140,,275127
1/3/2022,AD,300,1,,,24802,141,,
1/4/2022,AD,487,0,,,25289,141,,
1/5/2022,AD,1119,0,,,26408,141,,
1/6/2022,AD,0,0,,,26408,141,,
1/7/2022,AD,0,0,,,26408,141,,
1/8/2022,AD,0,0,,,26408,141,,
1/9/2022,AD,1575,0,,,27983,141,,281100
1/10/2022,AD,559,0,,,28542,141,,
1/11/2022,AD,357,0,,,28899,141,,
1/12/2022,AD,989,1,,,29888,142,,
1/13/2022,AD,0,0,,,29888,142,,
1/14/2022,AD,0,0,,,29888,142,,
1/15/2022,AD,0,0,,,29888,142,,
1/16/2022,AD,693,2,,,30581,144,,287926
1/17/2022,AD,0,0,,,30581,144,,
1/18/2022,AD,991,0,,,31572,144,,
1/19/2022,AD,629,0,,,32201,144,,
1/20/2022,AD,824,0,,,33025,144,,
1/21/2022,AD,0,0,,,33025,144,,
1/22/2022,AD,0,0,,,33025,144,,
1/23/2022,AD,0,0,,,33025,144,,295208
1/24/2022,AD,1676,1,,,34701,145,,
1/25/2022,AD,327,0,,,35028,145,,
1/26/2022,AD,0,0,,,35028,145,,
1/27/2022,AD,528,0,,,35556,145,,
1/28/2022,AD,0,0,,,35556,145,,
1/29/2022,AD,0,0,,,35556,145,,
1/30/2022,AD,402,0,,,35958,145,,297098
1/31/2022,AD,0,0,,,35958,145,,
2/1/2022,AD,357,1,,,36315,146,,
2/2/2022,AD,155,1,,,36470,147,,
2/3/2022,AD,129,0,,,36599,147,,
2/4/2022,AD,0,0,,,36599,147,,
2/5/2022,AD,0,0,,,36599,147,,
2/6/2022,AD,209,0,,,36808,147,,
2/7/2022,AD,0,0,,,36808,147,,
2/8/2022,AD,181,1,,,36989,148,,
2/9/2022,AD,85,0,,,37074,148,,298927
2/10/2022,AD,66,0,,,37140,148,,
2/11/2022,AD,0,0,,,37140,148,,
2/12/2022,AD,0,0,,,37140,148,,
2/13/2022,AD,137,1,,,37277,149,,
2/14/2022,AD,84,1,,,37361,150,,
2/15/2022,AD,91,0,,,37452,150,,
2/16/2022,AD,70,0,,,37522,150,,299794
2/17/2022,AD,67,0,,,37589,150,,
2/18/2022,AD,0,0,,,37589,150,,
2/19/2022,AD,0,0,,,37589,150,,
2/20/2022,AD,0,0,,,37589,150,,
2/21/2022,AD,231,1,,,37820,151,,
2/22/2022,AD,81,0,,,37901,151,,300307
2/23/2022,AD,57,0,,,37958,151,,
2/24/2022,AD,41,0,,,37999,151,,
2/25/2022,AD,0,0,,,37999,151,,
2/26/2022,AD,0,0,,,37999,151,,
2/27/2022,AD,0,0,,,37999,151,,
2/28/2022,AD,166,0,,,38165,151,,
3/1/2022,AD,84,0,,,38249,151,,
3/2/2022,AD,93,0,,,38342,151,,
3/3/2022,AD,92,0,,,38434,151,,
3/4/2022,AD,0,0,,,38434,151,,
3/5/2022,AD,0,0,,,38434,151,,
3/6/2022,AD,186,0,,,38620,151,,
3/7/2022,AD,90,1,,,38710,152,,
3/8/2022,AD,84,0,,,38794,152,,
3/9/2022,AD,0,0,,,38794,152,,
3/10/2022,AD,0,0,,,38794,152,,
3/11/2022,AD,0,0,,,38794,152,,
3/12/2022,AD,0,0,,,38794,152,,
3/13/2022,AD,0,0,,,38794,152,,
3/14/2022,AD,0,0,,,38794,152,,
3/15/2022,AD,440,1,,,39234,153,,
3/16/2022,AD,0,0,,,39234,153,,
3/17/2022,AD,0,0,,,39234,153,,
3/18/2022,AD,0,0,,,39234,153,,
3/19/2022,AD,0,0,,,39234,153,,
3/20/2022,AD,0,0,,,39234,153,,
3/21/2022,AD,0,0,,,39234,153,,
3/22/2022,AD,479,0,,,39713,153,,
3/23/2022,AD,0,0,,,39713,153,,
3/24/2022,AD,0,0,,,39713,153,,
3/25/2022,AD,0,0,,,39713,153,,
3/26/2022,AD,0,0,,,39713,153,,
3/27/2022,AD,0,0,,,39713,153,,
3/28/2022,AD,0,0,,,39713,153,,
3/29/2022,AD,311,0,,,40024,153,,
3/30/2022,AD,0,0,,,40024,153,,
3/31/2022,AD,0,0,,,40024,153,,
4/1/2022,AD,0,0,,,40024,153,,
4/2/2022,AD,0,0,,,40024,153,,
4/3/2022,AD,0,0,,,40024,153,,
4/4/2022,AD,0,0,,,40024,153,,
4/5/2022,AD,304,0,,,40328,153,,
4/6/2022,AD,0,0,,,40328,153,,
4/7/2022,AD,0,0,,,40328,153,,
4/8/2022,AD,0,0,,,40328,153,,
4/9/2022,AD,0,0,,,40328,153,,
4/10/2022,AD,0,0,,,40328,153,,
4/11/2022,AD,0,0,,,40328,153,,
4/12/2022,AD,381,0,,,40709,153,,
4/13/2022,AD,0,0,,,40709,153,,
4/14/2022,AD,0,0,,,40709,153,,
4/15/2022,AD,0,0,,,40709,153,,
4/16/2022,AD,0,0,,,40709,153,,
4/17/2022,AD,0,0,,,40709,153,,
4/18/2022,AD,0,0,,,40709,153,,
4/19/2022,AD,304,0,,,41013,153,,
4/20/2022,AD,0,0,,,41013,153,,
4/21/2022,AD,0,0,,,41013,153,,
4/22/2022,AD,0,0,,,41013,153,,
4/23/2022,AD,0,0,,,41013,153,,
4/24/2022,AD,0,0,,,41013,153,,
4/25/2022,AD,0,0,,,41013,153,,
4/26/2022,AD,0,0,,,41013,153,,
4/27/2022,AD,336,0,,,41349,153,,
4/28/2022,AD,0,0,,,41349,153,,
4/29/2022,AD,0,0,,,41349,153,,
4/30/2022,AD,0,0,,,41349,153,,
5/1/2022,AD,0,0,,,41349,153,,
5/2/2022,AD,0,0,,,41349,153,,
5/3/2022,AD,368,0,,,41717,153,,
5/4/2022,AD,0,0,,,41717,153,,
5/5/2022,AD,0,0,,,41717,153,,
5/6/2022,AD,0,0,,,41717,153,,
5/7/2022,AD,0,0,,,41717,153,,
5/8/2022,AD,0,0,,,41717,153,,
5/9/2022,AD,0,0,,,41717,153,,
5/10/2022,AD,0,0,,,41717,153,,
5/11/2022,AD,439,0,,,42156,153,,
5/12/2022,AD,0,0,,,42156,153,,
5/13/2022,AD,0,0,,,42156,153,,
5/14/2022,AD,0,0,,,42156,153,,
5/15/2022,AD,0,0,,,42156,153,,
5/16/2022,AD,0,0,,,42156,153,,
5/17/2022,AD,416,0,,,42572,153,,
5/18/2022,AD,0,0,,,42572,153,,
5/19/2022,AD,0,0,,,42572,153,,
5/20/2022,AD,0,0,,,42572,153,,
5/21/2022,AD,0,0,,,42572,153,,
5/22/2022,AD,0,0,,,42572,153,,
5/23/2022,AD,0,0,,,42572,153,,
5/24/2022,AD,322,0,,,42894,153,,
5/25/2022,AD,0,0,,,42894,153,,
5/26/2022,AD,0,0,,,42894,153,,
5/27/2022,AD,0,0,,,42894,153,,
5/28/2022,AD,0,0,,,42894,153,,
5/29/2022,AD,0,0,,,42894,153,,
5/30/2022,AD,0,0,,,42894,153,,
5/31/2022,AD,0,0,,,42894,153,,
6/1/2022,AD,173,0,,,43067,153,,
6/2/2022,AD,0,0,,,43067,153,,
6/3/2022,AD,0,0,,,43067,153,,
6/4/2022,AD,0,0,,,43067,153,,
6/5/2022,AD,0,0,,,43067,153,,
6/6/2022,AD,0,0,,,43067,153,,
6/7/2022,AD,157,0,,,43224,153,,
6/8/2022,AD,0,0,,,43224,153,,
6/9/2022,AD,0,0,,,43224,153,,
6/10/2022,AD,0,0,,,43224,153,,
6/11/2022,AD,0,0,,,43224,153,,
6/12/2022,AD,0,0,,,43224,153,,
6/13/2022,AD,0,0,,,43224,153,,
6/14/2022,AD,225,0,,,43449,153,,
6/15/2022,AD,0,0,,,43449,153,,
6/16/2022,AD,0,0,,,43449,153,,
6/17/2022,AD,0,0,,,43449,153,,
6/18/2022,AD,0,0,,,43449,153,,
6/19/2022,AD,0,0,,,43449,153,,
6/20/2022,AD,0,0,,,43449,153,,
6/21/2022,AD,0,0,,,43449,153,,
6/22/2022,AD,325,0,,,43774,153,,
6/23/2022,AD,0,0,,,43774,153,,
6/24/2022,AD,0,0,,,43774,153,,
6/25/2022,AD,0,0,,,43774,153,,
6/26/2022,AD,0,0,,,43774,153,,
6/27/2022,AD,0,0,,,43774,153,,
6/28/2022,AD,0,0,,,43774,153,,
6/29/2022,AD,403,0,,,44177,153,,
6/30/2022,AD,0,0,,,44177,153,,
7/1/2022,AD,0,0,,,44177,153,,
7/2/2022,AD,0,0,,,44177,153,,
7/3/2022,AD,0,0,,,44177,153,,
7/4/2022,AD,0,0,,,44177,153,,
7/5/2022,AD,494,0,,,44671,153,,
7/6/2022,AD,0,0,,,44671,153,,
7/7/2022,AD,0,0,,,44671,153,,
7/8/2022,AD,0,0,,,44671,153,,
7/9/2022,AD,0,0,,,44671,153,,
7/10/2022,AD,0,0,,,44671,153,,
7/11/2022,AD,390,0,,,45061,153,,
7/12/2022,AD,0,0,,,45061,153,,
7/13/2022,AD,0,0,,,45061,153,,
7/14/2022,AD,0,0,,,45061,153,,
7/15/2022,AD,0,0,,,45061,153,,
7/16/2022,AD,0,0,,,45061,153,,
7/17/2022,AD,0,0,,,45061,153,,
7/18/2022,AD,0,0,,,45061,153,,
7/19/2022,AD,265,0,,,45326,153,,
7/20/2022,AD,0,0,,,45326,153,,
7/21/2022,AD,0,0,,,45326,153,,
7/22/2022,AD,0,0,,,45326,153,,
7/23/2022,AD,0,0,,,45326,153,,
7/24/2022,AD,0,0,,,45326,153,,
7/25/2022,AD,0,0,,,45326,153,,
7/26/2022,AD,182,0,,,45508,153,,
7/27/2022,AD,0,0,,,45508,153,,
7/28/2022,AD,0,0,,,45508,153,,
7/29/2022,AD,0,0,,,45508,153,,
7/30/2022,AD,0,0,,,45508,153,,
7/31/2022,AD,0,0,,,45508,153,,
8/1/2022,AD,0,0,,,45508,153,,
8/2/2022,AD,285,1,,,45793,154,,
8/3/2022,AD,0,0,,,45793,154,,
8/4/2022,AD,0,0,,,45793,154,,
8/5/2022,AD,0,0,,,45793,154,,
8/6/2022,AD,0,0,,,45793,154,,
8/7/2022,AD,0,0,,,45793,154,,
8/8/2022,AD,0,0,,,45793,154,,
8/9/2022,AD,106,0,,,45899,154,,
8/10/2022,AD,0,0,,,45899,154,,
8/11/2022,AD,0,0,,,45899,154,,
8/12/2022,AD,0,0,,,45899,154,,
8/13/2022,AD,0,0,,,45899,154,,
8/14/2022,AD,0,0,,,45899,154,,
8/15/2022,AD,0,0,,,45899,154,,
8/16/2022,AD,76,0,,,45975,154,,
8/17/2022,AD,0,0,,,45975,154,,
8/18/2022,AD,0,0,,,45975,154,,
8/19/2022,AD,0,0,,,45975,154,,
8/20/2022,AD,0,0,,,45975,154,,
8/21/2022,AD,0,0,,,45975,154,,
8/22/2022,AD,0,0,,,45975,154,,
8/23/2022,AD,52,0,,,46027,154,,
8/24/2022,AD,0,0,,,46027,154,,
8/25/2022,AD,0,0,,,46027,154,,
8/26/2022,AD,0,0,,,46027,154,,
8/27/2022,AD,0,0,,,46027,154,,
8/28/2022,AD,0,0,,,46027,154,,
8/29/2022,AD,0,0,,,46027,154,,
8/30/2022,AD,0,0,,,46027,154,,
8/31/2022,AD,0,0,,,46027,154,,
9/1/2022,AD,0,0,,,46027,154,,
9/2/2022,AD,0,0,,,46027,154,,
9/3/2022,AD,0,0,,,46027,154,,
9/4/2022,AD,0,0,,,46027,154,,
9/5/2022,AD,0,0,,,46027,154,,
9/6/2022,AD,86,1,,,46113,155,,
9/7/2022,AD,0,0,,,46113,155,,
9/8/2022,AD,0,0,,,46113,155,,
9/9/2022,AD,0,0,,,46113,155,,
9/10/2022,AD,0,0,,,46113,155,,
9/11/2022,AD,0,0,,,46113,155,,
9/12/2022,AD,0,0,,,46113,155,,
9/13/2022,AD,34,0,,,46147,155,,
1/1/2020,AE,0,0,,,0,0,,
1/2/2020,AE,0,0,,,0,0,,
1/3/2020,AE,0,0,,,0,0,,
1/4/2020,AE,0,0,,,0,0,,
1/5/2020,AE,0,0,,,0,0,,
1/6/2020,AE,0,0,,,0,0,,
1/7/2020,AE,0,0,,,0,0,,
1/8/2020,AE,0,0,,,0,0,,
1/9/2020,AE,0,0,,,0,0,,
1/10/2020,AE,0,0,,,0,0,,
1/11/2020,AE,0,0,,,0,0,,
1/12/2020,AE,0,0,,,0,0,,
1/13/2020,AE,0,0,,,0,0,,
1/14/2020,AE,0,0,,,0,0,,
1/15/2020,AE,0,0,,,0,0,,
1/16/2020,AE,0,0,,,0,0,,
1/17/2020,AE,0,0,,,0,0,,
1/18/2020,AE,0,0,,,0,0,,
1/19/2020,AE,0,0,,,0,0,,
1/20/2020,AE,0,0,,,0,0,,
1/21/2020,AE,0,0,,,0,0,,
1/22/2020,AE,0,0,,,0,0,,
1/23/2020,AE,0,0,,,0,0,,
1/24/2020,AE,0,0,,,0,0,,
1/25/2020,AE,0,0,,,0,0,,
1/26/2020,AE,0,0,,,0,0,,
1/27/2020,AE,8,0,,,8,0,,
1/28/2020,AE,0,0,,75,8,0,,75
1/29/2020,AE,0,0,,,8,0,,
1/30/2020,AE,1,0,,,9,0,,
1/31/2020,AE,0,0,,183,9,0,,258
2/1/2020,AE,0,0,,,9,0,,
2/2/2020,AE,0,0,,,9,0,,
2/3/2020,AE,0,0,,,9,0,,
2/4/2020,AE,0,0,,,9,0,,
2/5/2020,AE,0,0,,,9,0,,
2/6/2020,AE,2,0,,,11,0,,
2/7/2020,AE,0,0,,574,11,0,,832
2/8/2020,AE,1,0,,1360,12,0,,2192
2/9/2020,AE,0,0,,437,12,0,,2629
2/10/2020,AE,0,0,,,12,0,,
2/11/2020,AE,0,0,,,12,0,,
2/12/2020,AE,0,0,,,12,0,,
2/13/2020,AE,0,0,,306,12,0,,2935
2/14/2020,AE,1,0,,,13,0,,
2/15/2020,AE,0,0,,2107,13,0,,5042
2/16/2020,AE,0,0,,,13,0,,
2/17/2020,AE,0,0,,1651,13,0,,6693
2/18/2020,AE,0,0,,,13,0,,
2/19/2020,AE,2,0,,,15,0,,
2/20/2020,AE,2,0,,2201,17,0,,8894
2/21/2020,AE,0,0,,4096,17,0,,12990
2/22/2020,AE,0,0,,,17,0,,
2/23/2020,AE,0,0,,,17,0,,
2/24/2020,AE,0,0,,,17,0,,
2/25/2020,AE,6,0,,,23,0,,
2/26/2020,AE,0,0,,1325,23,0,,14315
2/27/2020,AE,0,0,,8606,23,0,,22921
2/28/2020,AE,2,0,,,25,0,,
2/29/2020,AE,0,0,,,25,0,,
3/1/2020,AE,6,0,,,31,0,,
3/2/2020,AE,0,0,,2113,31,0,,25034
3/3/2020,AE,0,0,,12724,31,0,,37758
3/4/2020,AE,18,0,,,49,0,,
3/5/2020,AE,0,0,,10753,49,0,,48511
3/6/2020,AE,0,0,,4480,49,0,,52991
3/7/2020,AE,14,0,,,63,0,,
3/8/2020,AE,15,0,,6949,78,0,,59940
3/9/2020,AE,0,0,,3618,78,0,,63558
3/10/2020,AE,11,0,,,89,0,,
3/11/2020,AE,0,0,,9973,89,0,,73531
3/12/2020,AE,0,0,,,89,0,,
3/13/2020,AE,13,0,,10040,102,0,,83571
3/14/2020,AE,0,0,,6616,102,0,,90187
3/15/2020,AE,0,0,,,102,0,,
3/16/2020,AE,15,0,,10525,117,0,,100712
3/17/2020,AE,23,0,,,140,0,,
3/18/2020,AE,0,0,,13857,140,0,,114569
3/19/2020,AE,0,2,,,140,2,,
3/20/2020,AE,13,0,,12706,153,2,,127275
3/21/2020,AE,45,0,,,198,2,,
3/22/2020,AE,50,0,,16748,248,2,,144023
3/23/2020,AE,85,0,,9093,333,2,,153116
3/24/2020,AE,0,0,,9536,333,2,,162652
3/25/2020,AE,0,0,,,333,2,,
3/26/2020,AE,72,0,,18882,405,2,,181534
3/27/2020,AE,63,0,,8216,468,2,,189750
3/28/2020,AE,102,1,,9098,570,3,,198848
3/29/2020,AE,94,3,,7694,664,6,,206542
3/30/2020,AE,0,0,,13458,664,6,,220000
3/31/2020,AE,150,2,,20480,814,8,,240480
4/1/2020,AE,210,0,,22433,1024,8,,262913
4/2/2020,AE,240,1,,31402,1264,9,,294315
4/3/2020,AE,241,1,,39950,1505,10,,334265
4/4/2020,AE,294,0,,58348,1799,10,,392613
4/5/2020,AE,277,1,,39870,2076,11,,432483
4/6/2020,AE,283,1,,58294,2359,12,,490777
4/7/2020,AE,300,0,,48418,2659,12,,539195
4/8/2020,AE,331,2,,40000,2990,14,,579195
4/9/2020,AE,370,2,,49000,3360,16,,628195
4/10/2020,AE,376,4,,20000,3736,20,,648195
4/11/2020,AE,387,2,,22000,4123,22,,670195
4/12/2020,AE,398,3,,23380,4521,25,,693575
4/13/2020,AE,412,3,,32000,4933,28,,725575
4/14/2020,AE,432,5,,41425,5365,33,,767000
4/15/2020,AE,460,2,,25000,5825,35,,792000
4/16/2020,AE,477,2,,24000,6302,37,,816000
4/17/2020,AE,0,0,,21806,6302,37,,837806
4/18/2020,AE,479,4,,25795,6781,41,,863601
4/19/2020,AE,484,2,,22807,7265,43,,886408
4/20/2020,AE,490,3,,20165,7755,46,,906573
4/21/2020,AE,483,6,,23053,8238,52,,929626
4/22/2020,AE,518,4,,25506,8756,56,,955132
4/23/2020,AE,525,8,,26274,9281,64,,981406
4/24/2020,AE,532,7,,21984,9813,71,,1003390
4/25/2020,AE,536,5,,25086,10349,76,,1028476
4/26/2020,AE,490,6,,26195,10839,82,,1054671
4/27/2020,AE,541,7,,27905,11380,89,,1082576
4/28/2020,AE,549,9,,26524,11929,98,,1109100
4/29/2020,AE,552,7,,36266,12481,105,,1145366
4/30/2020,AE,557,6,,26677,13038,111,,1172043
5/1/2020,AE,561,8,,18428,13599,119,,1190471
5/2/2020,AE,564,7,,28039,14163,126,,1218510
5/3/2020,AE,567,11,,25231,14730,137,,1243741
5/4/2020,AE,462,9,,33994,15192,146,,1277735
5/5/2020,AE,546,11,,41134,15738,157,,1318869
5/6/2020,AE,502,8,,33153,16240,165,,1352022
5/7/2020,AE,553,9,,29866,16793,174,,1381888
5/8/2020,AE,624,11,,26763,17417,185,,1408651
5/9/2020,AE,781,13,,32597,18198,198,,1441248
5/10/2020,AE,680,3,,34869,18878,201,,1476117
5/11/2020,AE,783,2,,37112,19661,203,,1513229
5/12/2020,AE,725,3,,38477,20386,206,,1551706
5/13/2020,AE,698,2,,35735,21084,208,,1587441
5/14/2020,AE,747,2,,40720,21831,210,,1628161
5/15/2020,AE,796,4,,37844,22627,214,,1666005
5/16/2020,AE,731,6,,38904,23358,220,,1704909
5/17/2020,AE,813,7,,43732,24171,227,,1748641
5/18/2020,AE,892,0,,43993,25063,227,,1792634
5/19/2020,AE,941,6,,50377,26004,233,,1843011
5/20/2020,AE,894,4,,39791,26898,237,,1882802
5/21/2020,AE,994,4,,35686,27892,241,,1918488
5/22/2020,AE,812,3,,41202,28704,244,,1959690
5/23/2020,AE,781,1,,28282,29485,245,,1987972
5/24/2020,AE,822,3,,27540,30307,248,,2015512
5/25/2020,AE,779,5,,38628,31086,253,,2054140
5/26/2020,AE,883,2,,36131,31969,255,,2090271
5/27/2020,AE,563,3,,42624,32532,258,,2132895
5/28/2020,AE,638,2,,37153,33170,260,,2170048
5/29/2020,AE,726,2,,30147,33896,262,,2200195
5/30/2020,AE,661,2,,35037,34557,264,,2235232
5/31/2020,AE,635,2,,41762,35192,266,,2276994
6/1/2020,AE,596,3,,54823,35788,269,,2331817
6/2/2020,AE,571,1,,44241,36359,270,,2376058
6/3/2020,AE,659,3,,52996,37018,273,,2429054
6/4/2020,AE,624,1,,44201,37642,274,,2473255
6/5/2020,AE,626,1,,32679,38268,275,,2505934
6/6/2020,AE,540,1,,37640,38808,276,,2543574
6/7/2020,AE,568,5,,47201,39376,281,,2590775
6/8/2020,AE,528,2,,45378,39904,283,,2636153
6/9/2020,AE,603,1,,44167,40507,284,,2680320
6/10/2020,AE,479,2,,40724,40986,286,,2721044
6/11/2020,AE,513,1,,43013,41499,287,,2764057
6/12/2020,AE,491,1,,27041,41990,288,,2791098
6/13/2020,AE,304,1,,38036,42294,289,,2829134
6/14/2020,AE,342,2,,39887,42636,291,,2869021
6/15/2020,AE,346,2,,40478,42982,293,,2909499
6/16/2020,AE,382,2,,38502,43364,295,,2948001
6/17/2020,AE,388,3,,34364,43752,298,,2982365
6/18/2020,AE,393,2,,48524,44145,300,,3030889
6/19/2020,AE,388,1,,40876,44533,301,,3071765
6/20/2020,AE,392,1,,40956,44925,302,,3112721
6/21/2020,AE,378,1,,44291,45303,303,,3157012
6/22/2020,AE,380,2,,49650,45683,305,,3206662
6/23/2020,AE,450,2,,49152,46133,307,,3255814
6/24/2020,AE,430,1,,52527,46563,308,,3308341
6/25/2020,AE,410,2,,58741,46973,310,,3367082
6/26/2020,AE,387,1,,43551,47360,311,,3410633
6/27/2020,AE,437,2,,63970,47797,313,,3474603
6/28/2020,AE,449,1,,62028,48246,314,,3536631
6/29/2020,AE,421,1,,56177,48667,315,,3592808
6/30/2020,AE,402,1,,54358,49069,316,,3647166
7/1/2020,AE,400,1,,71697,49469,317,,3718863
7/2/2020,AE,672,1,,47930,50141,318,,3766793
7/3/2020,AE,716,3,,28009,50857,321,,3794802
7/4/2020,AE,683,2,,44192,51540,323,,3838994
7/5/2020,AE,528,1,,51430,52068,324,,3890424
7/6/2020,AE,532,2,,49777,52600,326,,3940201
7/7/2020,AE,445,1,,47322,53045,327,,3987523
7/8/2020,AE,532,1,,58504,53577,328,,4046027
7/9/2020,AE,473,2,,50139,54050,330,,4096166
7/10/2020,AE,403,1,,34478,54453,331,,4130644
7/11/2020,AE,401,2,,50325,54854,333,,4180969
7/12/2020,AE,344,1,,34478,55198,334,,4215447
7/13/2020,AE,375,1,,52782,55573,335,,4268229
7/14/2020,AE,275,0,,48534,55848,335,,4316763
7/15/2020,AE,281,0,,48931,56129,335,,4365694
7/16/2020,AE,293,2,,48561,56422,337,,4414255
7/17/2020,AE,289,1,,46950,56711,338,,4461205
7/18/2020,AE,211,1,,47723,56922,339,,4508928
7/19/2020,AE,271,1,,27224,57193,340,,4536152
7/20/2020,AE,305,1,,40050,57498,341,,4576202
7/21/2020,AE,236,1,,47014,57734,342,,4623216
7/22/2020,AE,254,0,,54096,57988,342,,4677312
7/23/2020,AE,261,1,,46965,58249,343,,4724277
7/24/2020,AE,313,0,,52627,58562,343,,4776904
7/25/2020,AE,351,1,,51162,58913,344,,4828066
7/26/2020,AE,264,1,,47229,59177,345,,4875295
7/27/2020,AE,369,2,,43622,59546,347,,4918917
7/28/2020,AE,375,0,,47483,59921,347,,4966400
7/29/2020,AE,302,2,,55257,60223,349,,5021657
7/30/2020,AE,283,2,,54727,60506,351,,5076384
7/31/2020,AE,254,0,,43268,60760,351,,5119652
8/1/2020,AE,239,0,,42428,60999,351,,5162080
8/2/2020,AE,164,0,,27811,61163,351,,5189891
8/3/2020,AE,189,0,,29398,61352,351,,5219289
8/4/2020,AE,254,2,,43369,61606,353,,5262658
8/5/2020,AE,239,1,,50729,61845,354,,5313387
8/6/2020,AE,216,2,,61978,62061,356,,5375365
8/7/2020,AE,239,0,,63792,62300,356,,5439157
8/8/2020,AE,225,1,,61544,62525,357,,5500701
8/9/2020,AE,179,0,,58953,62704,357,,5559654
8/10/2020,AE,262,1,,64110,62966,358,,5623764
8/11/2020,AE,246,0,,72630,63212,358,,5696394
8/12/2020,AE,277,0,,68964,63489,358,,5765358
8/13/2020,AE,330,1,,82344,63819,359,,5847702
8/14/2020,AE,283,2,,77640,64102,361,,5925342
8/15/2020,AE,210,3,,65186,64312,364,,5990528
8/16/2020,AE,229,0,,71322,64541,364,,6061850
8/17/2020,AE,365,2,,59759,64906,366,,6121609